
-- ========================================================
-- ========================================================
-- ========================================================
-- ========================================================
-- ========================================================
-- ========================================================
-- ========================================================
-- ========================================================
-- ========================================================
-- ========================================================
-- ========================================================
-- ========================================================
-- ========================================================
-- ========================================================
-- ========================================================

INSERT INTO `usuarios` (`nombres`, `apellido1`, `username`, `password`)
VALUES
    ('Pedro', 'García', 'pedrogarcia1', 'pedrogarcia1'),
    ('Luis', 'Martínez', 'luismartinez2', 'luismartinez2'),
    ('Juan', 'López', 'juanlopez3', 'juanlopez3'),
    ('Carlos', 'Fernández', 'carlosfernandez4', 'carlosfernandez4'),
    ('Pablo', 'González', 'pablogonzalez5', 'pablogonzalez5'),
    ('Miguel', 'Rodríguez', 'miguelrodriguez6', 'miguelrodriguez6'),
    ('Antonio', 'Sánchez', 'antoniosanchez7', 'antoniosanchez7'),
    ('Fernando', 'Pérez', 'fernandoperez8', 'fernandoperez8'),
    ('Javier', 'Gómez', 'javiergomez9', 'javiergomez9'),
    ('Daniel', 'Díaz', 'danieldiaz10', 'danieldiaz10'),
    ('José', 'Hernández', 'josehernandez11', 'josehernandez11'),
    ('Andrés', 'Moreno', 'andresmoreno12', 'andresmoreno12'),
    ('Jorge', 'Muñoz', 'jorgemunoz13', 'jorgemunoz13'),
    ('Alberto', 'Álvarez', 'albertoalvarez14', 'albertoalvarez14'),
    ('Alejandro', 'Romero', 'alejandroromero15', 'alejandroromero15'),
    ('Manuel', 'Navarro', 'manuelnavarro16', 'manuelnavarro16'),
    ('Diego', 'Jiménez', 'diegojimenez17', 'diegojimenez17'),
    ('Raúl', 'Ruiz', 'raulruiz18', 'raulruiz18'),
    ('Rubén', 'Dominguez', 'rubendominguez19', 'rubendominguez19'),
    ('Sergio', 'Torres', 'sergiotorres20', 'sergiotorres20'),
    ('Joaquín', 'Vázquez', 'joaquinvazquez21', 'joaquinvazquez21'),
    ('Iván', 'Giménez', 'ivangimenez22', 'ivangimenez22'),
    ('Adrián', 'Silva', 'adriansilva23', 'adriansilva23'),
    ('Oscar', 'Herrera', 'oscarherrera24', 'oscarherrera24'),
    ('Marcos', 'Castillo', 'marcoscastillo25', 'marcoscastillo25'),
    ('Santiago', 'Serrano', 'santiagoserrano26', 'santiagoserrano26'),
    ('Samuel', 'Ortega', 'samuelortega27', 'samuelortega27'),
    ('Roberto', 'Cruz', 'robertocruz28', 'robertocruz28'),
    ('Ángel', 'Cortés', 'angelcortes29', 'angelcortes29'),
    ('Enrique', 'Flores', 'enriqueflores30', 'enriqueflores30'),
    ('Ricardo', 'Paz', 'ricardopaz31', 'ricardopaz31'),
    ('Víctor', 'Ibáñez', 'victoribanez32', 'victoribanez32'),
    ('Mario', 'Garrido', 'mariogarrido33', 'mariogarrido33'),
    ('Gabriel', 'Marín', 'gabrielmarin34', 'gabrielmarin34'),
    ('Mariano', 'León', 'marianoleon35', 'marianoleon35'),
    ('Francisco', 'Reyes', 'franciscoreyes36', 'franciscoreyes36'),
    ('Jesús', 'Gallardo', 'jesusgallardo37', 'jesusgallardo37'),
    ('David', 'Vega', 'davidvega38', 'davidvega38'),
    ('Álvaro', 'Blanco', 'alvaroblanco39', 'alvaroblanco39'),
    ('Felipe', 'Núñez', 'felipenunez40', 'felipenunez40'),
    ('Emilio', 'Delgado', 'emiliodelgado41', 'emiliodelgado41'),
    ('Julio', 'Peña', 'juliopeña42', 'juliopeña42'),
    ('Gonzalo', 'Rivas', 'gonzalorivas43', 'gonzalorivas43'),
    ('Lorenzo', 'Calvo', 'lorenzocalvo44', 'lorenzocalvo44'),
    ('Juan José', 'Castro', 'juanjosecastro45', 'juanjosecastro45'),
    ('Esteban', 'Vidal', 'estebanvidal46', 'estebanvidal46'),
    ('Paco', 'Santos', 'pacosantos47', 'pacosantos47'),
    ('Luis Miguel', 'Méndez', 'luismiguelmendez48', 'luismiguelmendez48'),
    ('José Luis', 'Rojas', 'joseluisrojas49', 'joseluisrojas49'),
    ('Tomás', 'Carmona', 'tomascarmona50', 'tomascarmona50'),
    ('José Manuel', 'Blázquez', 'josemanuelblazquez51', 'josemanuelblazquez51'),
    ('Manolo', 'Peinado', 'manolopeinado52', 'manolopeinado52'),
    ('Julián', 'Gálvez', 'juliangalvez53', 'juliangalvez53'),
    ('Israel', 'Aguilar', 'israelaguilar54', 'israelaguilar54'),
    ('Aitor', 'Soler', 'aitorsoler55', 'aitorsoler55'),
    ('Pablo', 'Vega', 'pablovega56', 'pablovega56'),
    ('Paco', 'Muñoz', 'paconunez57', 'paconunez57'),
    ('Juan Antonio', 'Giménez', 'juanantoniogimenez58', 'juanantoniogimenez58'),
    ('Carlos Javier', 'Crespo', 'carlosjaviercrespo59', 'carlosjaviercrespo59'),
    ('David', 'Márquez', 'davidmarquez60', 'davidmarquez60'),
    ('José Antonio', 'Casado', 'joseantoniocasado61', 'joseantoniocasado61'),
    ('Albert', 'Molina', 'albertmolina62', 'albertmolina62'),
    ('Rubén', 'Aguirre', 'rubenaguirre63', 'rubenaguirre63'),
    ('Mario', 'Salas', 'mariosalas64', 'mariosalas64'),
    ('Xavier', 'Toro', 'xaviertoro65', 'xaviertoro65'),
    ('Pepe', 'Ruiz', 'peperuiz66', 'peperuiz66'),
    ('Carlos', 'Domínguez', 'carlosdominguez67', 'carlosdominguez67'),
    ('Ismael', 'Sáenz', 'ismaelsaenz68', 'ismaelsaenz68'),
    ('Diego', 'Aguilar', 'diegoaguilar69', 'diegoaguilar69'),
    ('Tomás', 'Lorenzo', 'tomaslorenzo70', 'tomaslorenzo70'),
    ('Jorge', 'Valero', 'jorgevalero71', 'jorgevalero71'),
    ('Pablo', 'Campos', 'pablocampos72', 'pablocampos72');

-- =====================================================

INSERT INTO `roles` (`nombre`, `descripcion`, `jerarquia`)
VALUES
    ('Administrador', 'Tiene acceso total al sistema.', 1),
    ('Usuario', 'Rol básico para usuarios normales.', 2),
    ('Moderador', 'Encargado de moderar actividades y contenido.', 3),
    ('Editor', 'Tiene permisos para editar contenido.', 4),
    ('Invitado', 'Rol para usuarios no registrados.', 5),
    ('Supervisor', 'Encargado de supervisar actividades y usuarios.', 6),
    ('Analista', 'Encargado de analizar datos y generar informes.', 7),
    ('Gerente', 'Encargado de la gestión general del sistema.', 8),
    ('Desarrollador', 'Rol para desarrolladores con acceso a funciones avanzadas.', 9),
    ('Cliente', 'Rol para los clientes de un sistema o plataforma.', 10);

-- =====================================================

INSERT INTO `permisos` (`metodo`, `nombre`, `descripcion`)
VALUES
    ('crearPersona', 'Crear persona', 'Permite crear una nueva persona en el sistema.'),
    ('editarPersona', 'Editar persona', 'Permite editar la información de una persona existente.'),
    ('eliminarPersona', 'Eliminar persona', 'Permite eliminar a una persona del sistema.'),
    ('verPersona', 'Ver persona', 'Permite ver la información detallada de una persona.'),
    ('crearUsuario', 'Crear usuario', 'Permite crear un nuevo usuario en el sistema.'),
    ('editarUsuario', 'Editar usuario', 'Permite editar la información de un usuario existente.'),
    ('eliminarUsuario', 'Eliminar usuario', 'Permite eliminar a un usuario del sistema.'),
    ('verUsuario', 'Ver usuario', 'Permite ver la información detallada de un usuario.'),
    ('crearRol', 'Crear rol', 'Permite crear un nuevo rol en el sistema.'),
    ('editarRol', 'Editar rol', 'Permite editar la información de un rol existente.'),
    ('eliminarRol', 'Eliminar rol', 'Permite eliminar un rol del sistema.'),
    ('verRol', 'Ver rol', 'Permite ver la información detallada de un rol.');

-- =====================================================
-- asignar permisos a los roles

insert into `rol_permiso`(`rol`,`metodo`)
values 
    ('Administrador','crearPersona'),
    ('Administrador','editarPersona'),
    ('Administrador','eliminarPersona'),
    ('Administrador','verPersona'),
    ('Administrador','crearUsuario'),
    ('Administrador','editarUsuario'),
    ('Administrador','eliminarUsuario'),
    ('Administrador','verUsuario'),
    ('Administrador','crearRol'),
    ('Administrador','editarRol'),
    ('Administrador','eliminarRol'),
    ('Administrador','verRol'),

    ('Usuario','crearPersona'),
    ('Usuario','verPersona'),
    ('Usuario','verUsuario'),
    ('Usuario','verRol'),

    ('Moderador','editarPersona'),
    ('Moderador','editarUsuario'),
    ('Moderador','editarRol'),

    ('Editor','crearPersona'),
    ('Editor','editarPersona'),
    ('Editor','crearUsuario'),
    ('Editor','editarUsuario'),
    ('Editor','crearRol'),
    ('Editor','editarRol'),

    ('Invitado','verPersona'),
    ('Invitado','verUsuario'),
    ('Invitado','verRol'),

    ('Supervisor','eliminarPersona'),
    ('Supervisor','eliminarUsuario'),
    ('Supervisor','eliminarRol'),
    ('Supervisor','editarRol'),
    ('Supervisor','verRol'),

    ('Analista','crearPersona'),
    ('Analista','eliminarPersona'),
    ('Analista','eliminarUsuario'),
    ('Analista','eliminarRol'),
    ('Analista','crearRol'),
    ('Analista','editarRol'),
    ('Analista','verRol');

-- =====================================================
-- asignar usuarios a los roles

insert into `rol_usuario`(`rol`,`usuario_id`)
values 
    ('Administrador',69),
    ('Usuario',1),
    ('Usuario',2),
    ('Usuario',3),
    ('Usuario',69),
    ('Moderador',4),
    ('Moderador',5),
    ('Moderador',6),
    ('Moderador',7),
    ('Moderador',8),
    ('Editor',9),
    ('Editor',10),
    ('Editor',11),
    ('Editor',12),
    ('Editor',13),
    ('Editor',14),
    ('Editor',15),
    ('Editor',16),
    ('Editor',17),
    ('Invitado',17),
    ('Invitado',18),
    ('Invitado',19),
    ('Supervisor',20),
    ('Supervisor',21),
    ('Supervisor',22),
    ('Supervisor',23),
    ('Supervisor',24),
    ('Analista',25),
    ('Analista',26),
    ('Analista',27),
    ('Analista',28),
    ('Analista',29),
    ('Analista',30),
    ('Analista',31),
    ('Analista',32),
    ('Analista',33),
    ('Analista',34),
    ('Gerente',35),
    ('Gerente',36),
    ('Gerente',37),
    ('Desarrollador',38),
    ('Desarrollador',39),
    ('Desarrollador',40),
    ('Desarrollador',41),
    ('Desarrollador',42),
    ('Desarrollador',43),
    ('Cliente',43),
    ('Cliente',44);


-- =====================================================
-- asignar permisos a usuarios 

insert into `usuario_permiso`(`usuario_id`,`metodo`)
values
    (34,'crearUsuario');
